ID,First Name,Last Name,Email
100,Helena,Audly,Helena.Audly@yopmail.com
101,Gabi,Ludewig,Gabi.Ludewig@yopmail.com
102,Hollie,Schwejda,Hollie.Schwejda@yopmail.com
103,Wanda,Ellord,Wanda.Ellord@yopmail.com
104,Jessamyn,Flyn,Jessamyn.Flyn@yopmail.com
105,Minne,Bennie,Minne.Bennie@yopmail.com
106,Maridel,Stover,Maridel.Stover@yopmail.com
107,Konstance,Carlson,Konstance.Carlson@yopmail.com
108,Dianemarie,Raychel,Dianemarie.Raychel@yopmail.com
109,Christian,Ivens,Christian.Ivens@yopmail.com
110,Gretal,Nahum,Gretal.Nahum@yopmail.com
111,Clo,Ogren,Clo.Ogren@yopmail.com
112,Glenda,Caitlin,Glenda.Caitlin@yopmail.com
113,Liana,Loleta,Liana.Loleta@yopmail.com
114,Jennica,Minetta,Jennica.Minetta@yopmail.com
115,Jennica,Therine,Jennica.Therine@yopmail.com
116,Molli,Korey,Molli.Korey@yopmail.com
117,Jinny,Hashim,Jinny.Hashim@yopmail.com
118,Carly,Douglass,Carly.Douglass@yopmail.com
119,Vevay,Kelula,Vevay.Kelula@yopmail.com
120,Christal,Ariella,Christal.Ariella@yopmail.com
121,Odessa,Rhu,Odessa.Rhu@yopmail.com
122,Glenda,Himelman,Glenda.Himelman@yopmail.com
123,Nikki,Trinetta,Nikki.Trinetta@yopmail.com
124,Elena,Raama,Elena.Raama@yopmail.com
125,Dorothy,Atonsah,Dorothy.Atonsah@yopmail.com
126,Teriann,Candy,Teriann.Candy@yopmail.com
127,Emmey,Afton,Emmey.Afton@yopmail.com
128,Dennie,Keelia,Dennie.Keelia@yopmail.com
129,Judy,Malanie,Judy.Malanie@yopmail.com
130,Sheree,Monaco,Sheree.Monaco@yopmail.com
131,Candy,Berard,Candy.Berard@yopmail.com
132,Vevay,Darbie,Vevay.Darbie@yopmail.com
133,Anthia,Joachim,Anthia.Joachim@yopmail.com
134,Abbie,Philoo,Abbie.Philoo@yopmail.com
135,Madalyn,Old,Madalyn.Old@yopmail.com
136,Hettie,Lay,Hettie.Lay@yopmail.com
137,Chandra,Tillford,Chandra.Tillford@yopmail.com
138,Dode,Mott,Dode.Mott@yopmail.com
139,Juliane,Knowling,Juliane.Knowling@yopmail.com
140,Tabbatha,Nisbet,Tabbatha.Nisbet@yopmail.com
141,Demetris,Croix,Demetris.Croix@yopmail.com
142,Jaime,Destinee,Jaime.Destinee@yopmail.com
143,Myrtice,Papageno,Myrtice.Papageno@yopmail.com
144,Adriana,Vacuva,Adriana.Vacuva@yopmail.com
145,Frieda,Graig,Frieda.Graig@yopmail.com
146,Joy,Baptlsta,Joy.Baptlsta@yopmail.com
147,Danika,Torray,Danika.Torray@yopmail.com
148,Briney,Janene,Briney.Janene@yopmail.com
149,Adriana,Kathie,Adriana.Kathie@yopmail.com
150,Jinny,Waite,Jinny.Waite@yopmail.com
151,Fayre,Ledah,Fayre.Ledah@yopmail.com
152,Renae,Bronk,Renae.Bronk@yopmail.com
153,Frances,Ramona,Frances.Ramona@yopmail.com
154,Kial,Ramona,Kial.Ramona@yopmail.com
155,Catharine,Georgy,Catharine.Georgy@yopmail.com
156,Dede,Tice,Dede.Tice@yopmail.com
157,Elmira,Reneta,Elmira.Reneta@yopmail.com
158,Gilda,Klemperer,Gilda.Klemperer@yopmail.com
159,Shannah,Jotham,Shannah.Jotham@yopmail.com
160,Dede,Susannah,Dede.Susannah@yopmail.com
161,Rebeca,Ledah,Rebeca.Ledah@yopmail.com
162,Lynea,Emerson,Lynea.Emerson@yopmail.com
163,Oona,Olnee,Oona.Olnee@yopmail.com
164,Madeleine,Dominy,Madeleine.Dominy@yopmail.com
165,Arabel,Magnolia,Arabel.Magnolia@yopmail.com
166,Berta,Miru,Berta.Miru@yopmail.com
167,Brana,McAdams,Brana.McAdams@yopmail.com
168,Melodie,Wallis,Melodie.Wallis@yopmail.com
169,Regina,Anis,Regina.Anis@yopmail.com
170,Clarice,Darbie,Clarice.Darbie@yopmail.com
171,Violet,Jess,Violet.Jess@yopmail.com
172,Gerrie,Danby,Gerrie.Danby@yopmail.com
173,Deedee,Maxi,Deedee.Maxi@yopmail.com
174,Miquela,Bonilla,Miquela.Bonilla@yopmail.com
175,Nita,Blisse,Nita.Blisse@yopmail.com
176,Amelia,Madelene,Amelia.Madelene@yopmail.com
177,Renae,Drisko,Renae.Drisko@yopmail.com
178,Roberta,Saree,Roberta.Saree@yopmail.com
179,Shandie,Ventre,Shandie.Ventre@yopmail.com
180,Kirbee,Elvyn,Kirbee.Elvyn@yopmail.com
181,Kate,Firmin,Kate.Firmin@yopmail.com
182,Ottilie,Whiffen,Ottilie.Whiffen@yopmail.com
183,Perry,Joseph,Perry.Joseph@yopmail.com
184,Sashenka,Jerold,Sashenka.Jerold@yopmail.com
185,Ethel,Hanleigh,Ethel.Hanleigh@yopmail.com
186,Shell,Kat,Shell.Kat@yopmail.com
187,Sam,Thilda,Sam.Thilda@yopmail.com
188,Asia,Wallis,Asia.Wallis@yopmail.com
189,Kassey,Macey,Kassey.Macey@yopmail.com
190,Lynde,Pearse,Lynde.Pearse@yopmail.com
191,Annice,Nadia,Annice.Nadia@yopmail.com
192,Betta,Bari,Betta.Bari@yopmail.com
193,Kelly,Sinegold,Kelly.Sinegold@yopmail.com
194,Ekaterina,Gahl,Ekaterina.Gahl@yopmail.com
195,Clarice,Geffner,Clarice.Geffner@yopmail.com
196,Mireielle,Astra,Mireielle.Astra@yopmail.com
197,Ardenia,Kaete,Ardenia.Kaete@yopmail.com
198,Rayna,Alisia,Rayna.Alisia@yopmail.com
199,Dennie,Borrell,Dennie.Borrell@yopmail.com
200,Priscilla,Isidore,Priscilla.Isidore@yopmail.com
201,Chere,Wooster,Chere.Wooster@yopmail.com
202,Helena,Klemperer,Helena.Klemperer@yopmail.com
203,Tilly,Posner,Tilly.Posner@yopmail.com
204,Jacquetta,Wesle,Jacquetta.Wesle@yopmail.com
205,Phedra,Alexandr,Phedra.Alexandr@yopmail.com
206,Max,Narton,Max.Narton@yopmail.com
207,Frieda,Norrie,Frieda.Norrie@yopmail.com
208,Starla,Izaak,Starla.Izaak@yopmail.com
209,Anestassia,Gilmour,Anestassia.Gilmour@yopmail.com
210,Fredericka,Ackerley,Fredericka.Ackerley@yopmail.com
211,Gianina,Hedve,Gianina.Hedve@yopmail.com
212,Aimil,Richers,Aimil.Richers@yopmail.com
213,Winny,Shields,Winny.Shields@yopmail.com
214,Nessie,Loleta,Nessie.Loleta@yopmail.com
215,Cherilyn,Silvan,Cherilyn.Silvan@yopmail.com
216,Candi,Chabot,Candi.Chabot@yopmail.com
217,Melodie,Pyle,Melodie.Pyle@yopmail.com
218,Caryl,Borrell,Caryl.Borrell@yopmail.com
219,Frances,Adlare,Frances.Adlare@yopmail.com
220,Emylee,Braun,Emylee.Braun@yopmail.com
221,Sonni,Even,Sonni.Even@yopmail.com
222,Laurene,Evangelia,Laurene.Evangelia@yopmail.com
223,Annice,Hoenack,Annice.Hoenack@yopmail.com
224,Blake,Stanwood,Blake.Stanwood@yopmail.com
225,Cissiee,Casimir,Cissiee.Casimir@yopmail.com
226,Reeba,Alice,Reeba.Alice@yopmail.com
227,Florencia,Viddah,Florencia.Viddah@yopmail.com
228,Florie,Niles,Florie.Niles@yopmail.com
229,Merci,Levey,Merci.Levey@yopmail.com
230,Dorothy,Klotz,Dorothy.Klotz@yopmail.com
231,Alie,Sallyann,Alie.Sallyann@yopmail.com
232,Gusty,Wenoa,Gusty.Wenoa@yopmail.com
233,Delilah,Urias,Delilah.Urias@yopmail.com
234,Lindie,Wolfgram,Lindie.Wolfgram@yopmail.com
235,Ariela,Reneta,Ariela.Reneta@yopmail.com
236,Jennica,Nadia,Jennica.Nadia@yopmail.com
237,Brana,Poppy,Brana.Poppy@yopmail.com
238,Clo,Hachmin,Clo.Hachmin@yopmail.com
239,Inga,Velick,Inga.Velick@yopmail.com
240,Halette,Hoenack,Halette.Hoenack@yopmail.com
241,Drucie,Jalbert,Drucie.Jalbert@yopmail.com
242,Chrystel,Weinreb,Chrystel.Weinreb@yopmail.com
243,Cecile,Vins,Cecile.Vins@yopmail.com
244,Britte,Erb,Britte.Erb@yopmail.com
245,Marjie,Winthorpe,Marjie.Winthorpe@yopmail.com
246,Christian,Olnee,Christian.Olnee@yopmail.com
247,Tonia,Center,Tonia.Center@yopmail.com
248,Kamilah,Newell,Kamilah.Newell@yopmail.com
249,Gusella,Toni,Gusella.Toni@yopmail.com
250,Janis,Latini,Janis.Latini@yopmail.com
251,Sindee,Jacqui,Sindee.Jacqui@yopmail.com
252,Elora,Swigart,Elora.Swigart@yopmail.com
253,Roslyn,Bebe,Roslyn.Bebe@yopmail.com
254,Molli,Haymes,Molli.Haymes@yopmail.com
255,Celene,Melony,Celene.Melony@yopmail.com
256,Aili,Dosia,Aili.Dosia@yopmail.com
257,Celestyna,Clie,Celestyna.Clie@yopmail.com
258,Ariela,Helve,Ariela.Helve@yopmail.com
259,Sue,Ahab,Sue.Ahab@yopmail.com
260,Lanna,Sinegold,Lanna.Sinegold@yopmail.com
261,Charissa,Tufts,Charissa.Tufts@yopmail.com
262,Melisent,Cornelia,Melisent.Cornelia@yopmail.com
263,Corina,Dunkin,Corina.Dunkin@yopmail.com
264,Ruthe,Raffo,Ruthe.Raffo@yopmail.com
265,Deane,Brackely,Deane.Brackely@yopmail.com
266,Antonietta,Ashely,Antonietta.Ashely@yopmail.com
267,Correy,Louanna,Correy.Louanna@yopmail.com
268,Brooks,Narton,Brooks.Narton@yopmail.com
269,Corene,Ehrman,Corene.Ehrman@yopmail.com
270,Shirlee,Demitria,Shirlee.Demitria@yopmail.com
271,Katharina,Faria,Katharina.Faria@yopmail.com
272,Helsa,Grobe,Helsa.Grobe@yopmail.com
273,Alia,Latini,Alia.Latini@yopmail.com
274,Paule,Auberbach,Paule.Auberbach@yopmail.com
275,Paule,Kazimir,Paule.Kazimir@yopmail.com
276,Daryl,Colp,Daryl.Colp@yopmail.com
277,Dione,Cyrie,Dione.Cyrie@yopmail.com
278,Fanny,Munn,Fanny.Munn@yopmail.com
279,Camile,Odell,Camile.Odell@yopmail.com
280,Chrystel,Zeeba,Chrystel.Zeeba@yopmail.com
281,Sue,Rogerio,Sue.Rogerio@yopmail.com
282,Marline,Odell,Marline.Odell@yopmail.com
283,Daphne,Barrus,Daphne.Barrus@yopmail.com
284,Abbie,Naashom,Abbie.Naashom@yopmail.com
285,Pierette,Barbey,Pierette.Barbey@yopmail.com
286,Devina,Alisia,Devina.Alisia@yopmail.com
287,Corry,Jary,Corry.Jary@yopmail.com
288,Elise,Brandice,Elise.Brandice@yopmail.com
289,Shaylyn,Lane,Shaylyn.Lane@yopmail.com
290,Kristina,Rosalba,Kristina.Rosalba@yopmail.com
291,Vevay,Belldas,Vevay.Belldas@yopmail.com
292,Farrah,Hashim,Farrah.Hashim@yopmail.com
293,Lenna,Obed,Lenna.Obed@yopmail.com
294,Tiffie,Ciro,Tiffie.Ciro@yopmail.com
295,Jemie,Philipp,Jemie.Philipp@yopmail.com
296,Mary,Valerio,Mary.Valerio@yopmail.com
297,Brietta,Dichy,Brietta.Dichy@yopmail.com
298,Lory,Ephrem,Lory.Ephrem@yopmail.com
299,Tatiania,Glenden,Tatiania.Glenden@yopmail.com
300,Shell,Berard,Shell.Berard@yopmail.com
301,Tabbatha,Jillane,Tabbatha.Jillane@yopmail.com
302,Margette,Zaslow,Margette.Zaslow@yopmail.com
303,Mireielle,Mayeda,Mireielle.Mayeda@yopmail.com
304,Ottilie,Gamaliel,Ottilie.Gamaliel@yopmail.com
305,Claudina,Velick,Claudina.Velick@yopmail.com
306,Wilma,Mata,Wilma.Mata@yopmail.com
307,Katleen,Holbrook,Katleen.Holbrook@yopmail.com
308,Lauryn,Elisha,Lauryn.Elisha@yopmail.com
309,Jennica,Rhu,Jennica.Rhu@yopmail.com
310,Vinita,Erminia,Vinita.Erminia@yopmail.com
311,Chastity,Parette,Chastity.Parette@yopmail.com
312,Olwen,Wallis,Olwen.Wallis@yopmail.com
313,Dale,Bakerman,Dale.Bakerman@yopmail.com
314,Eolanda,Lauraine,Eolanda.Lauraine@yopmail.com
315,Annora,Whittaker,Annora.Whittaker@yopmail.com
316,Carly,Trace,Carly.Trace@yopmail.com
317,Blondelle,Morehouse,Blondelle.Morehouse@yopmail.com
318,Nadine,Mott,Nadine.Mott@yopmail.com
319,Misha,Mitzi,Misha.Mitzi@yopmail.com
320,Wilma,Faro,Wilma.Faro@yopmail.com
321,Alameda,Fleeta,Alameda.Fleeta@yopmail.com
322,Eve,Esmaria,Eve.Esmaria@yopmail.com
323,Rani,Tannie,Rani.Tannie@yopmail.com
324,Catharine,Means,Catharine.Means@yopmail.com
325,Carree,Fillbert,Carree.Fillbert@yopmail.com
326,Abbie,Hillel,Abbie.Hillel@yopmail.com
327,Michaelina,Douglass,Michaelina.Douglass@yopmail.com
328,Elena,Bigner,Elena.Bigner@yopmail.com
329,Jeanna,Philoo,Jeanna.Philoo@yopmail.com
330,Dorene,Stevy,Dorene.Stevy@yopmail.com
331,Jessamyn,Durante,Jessamyn.Durante@yopmail.com
332,Melanie,Avi,Melanie.Avi@yopmail.com
333,Jennica,Kalinda,Jennica.Kalinda@yopmail.com
334,Abbie,Lorain,Abbie.Lorain@yopmail.com
335,Vinita,Aida,Vinita.Aida@yopmail.com
336,Zsa Zsa,Aaberg,Zsa Zsa.Aaberg@yopmail.com
337,Ariela,Joni,Ariela.Joni@yopmail.com
338,Beatriz,Gemini,Beatriz.Gemini@yopmail.com
339,Lulita,Hepsibah,Lulita.Hepsibah@yopmail.com
340,Frieda,Harday,Frieda.Harday@yopmail.com
341,Jerry,Nicoline,Jerry.Nicoline@yopmail.com
342,Lila,Tippets,Lila.Tippets@yopmail.com
343,Morganica,Zeeba,Morganica.Zeeba@yopmail.com
344,Kristina,Hashim,Kristina.Hashim@yopmail.com
345,Ardys,Hilbert,Ardys.Hilbert@yopmail.com
346,Rhea,Isacco,Rhea.Isacco@yopmail.com
347,Courtnay,Virgin,Courtnay.Virgin@yopmail.com
348,Vere,Prouty,Vere.Prouty@yopmail.com
349,Kittie,Brodench,Kittie.Brodench@yopmail.com
350,Adelle,Norrie,Adelle.Norrie@yopmail.com
351,Liana,Romelda,Liana.Romelda@yopmail.com
352,Anica,Kravits,Anica.Kravits@yopmail.com
353,Aaren,Gunn,Aaren.Gunn@yopmail.com
354,Atlanta,Pauly,Atlanta.Pauly@yopmail.com
355,Codie,Durware,Codie.Durware@yopmail.com
356,Kaja,Si,Kaja.Si@yopmail.com
357,Bibby,Barrus,Bibby.Barrus@yopmail.com
358,Perry,Concha,Perry.Concha@yopmail.com
359,Hallie,Georgy,Hallie.Georgy@yopmail.com
360,Sharlene,Pascia,Sharlene.Pascia@yopmail.com
361,Sean,Bury,Sean.Bury@yopmail.com
362,Chere,Marden,Chere.Marden@yopmail.com
363,Corina,Rugen,Corina.Rugen@yopmail.com
364,Aeriela,Hedve,Aeriela.Hedve@yopmail.com
365,Shell,Mozelle,Shell.Mozelle@yopmail.com
366,Tani,Mata,Tani.Mata@yopmail.com
367,Joy,Lane,Joy.Lane@yopmail.com
368,Madeleine,Pascia,Madeleine.Pascia@yopmail.com
369,Orsola,Hoenack,Orsola.Hoenack@yopmail.com
370,Micheline,Riva,Micheline.Riva@yopmail.com
371,Robinia,Guthrie,Robinia.Guthrie@yopmail.com
372,Jerry,Jerald,Jerry.Jerald@yopmail.com
373,Lusa,Lipson,Lusa.Lipson@yopmail.com
374,Elka,Morgun,Elka.Morgun@yopmail.com
375,Leeanne,Vastah,Leeanne.Vastah@yopmail.com
376,Fredericka,Even,Fredericka.Even@yopmail.com
377,Tierney,Arathorn,Tierney.Arathorn@yopmail.com
378,Claresta,Mathilde,Claresta.Mathilde@yopmail.com
379,Bobinette,Marcellus,Bobinette.Marcellus@yopmail.com
380,Carree,Maisey,Carree.Maisey@yopmail.com
381,Roxane,Bates,Roxane.Bates@yopmail.com
382,Althea,Fairweather,Althea.Fairweather@yopmail.com
383,Fredericka,Wu,Fredericka.Wu@yopmail.com
384,Sam,Harday,Sam.Harday@yopmail.com
385,Patricia,Valerio,Patricia.Valerio@yopmail.com
386,Kayla,Argus,Kayla.Argus@yopmail.com
387,Adelle,Kauppi,Adelle.Kauppi@yopmail.com
388,Valera,Saunderson,Valera.Saunderson@yopmail.com
389,Cindelyn,Persse,Cindelyn.Persse@yopmail.com
390,Sheree,Taam,Sheree.Taam@yopmail.com
391,Codie,Moseley,Codie.Moseley@yopmail.com
392,Susan,Ruvolo,Susan.Ruvolo@yopmail.com
393,Marti,Lipson,Marti.Lipson@yopmail.com
394,Tomasina,Strephon,Tomasina.Strephon@yopmail.com
395,Johna,Merna,Johna.Merna@yopmail.com
396,Brietta,Matthew,Brietta.Matthew@yopmail.com
397,Kaja,Tillford,Kaja.Tillford@yopmail.com
398,Jordan,Bord,Jordan.Bord@yopmail.com
399,Ardeen,Narton,Ardeen.Narton@yopmail.com
400,Nannie,Ummersen,Nannie.Ummersen@yopmail.com
401,Neila,Urania,Neila.Urania@yopmail.com
402,Elka,Simmonds,Elka.Simmonds@yopmail.com
403,Sallie,Wesle,Sallie.Wesle@yopmail.com
404,Jorry,Faust,Jorry.Faust@yopmail.com
405,Dulce,Francene,Dulce.Francene@yopmail.com
406,Emylee,Billye,Emylee.Billye@yopmail.com
407,Desirae,Milson,Desirae.Milson@yopmail.com
408,Madelle,Sawtelle,Madelle.Sawtelle@yopmail.com
409,Blake,Bendick,Blake.Bendick@yopmail.com
410,Tatiania,Morgun,Tatiania.Morgun@yopmail.com
411,Andeee,Edmund,Andeee.Edmund@yopmail.com
412,Belinda,Thema,Belinda.Thema@yopmail.com
413,Morganica,Schonfeld,Morganica.Schonfeld@yopmail.com
414,Yolane,Merna,Yolane.Merna@yopmail.com
415,Tani,Middleton,Tani.Middleton@yopmail.com
416,Kellen,Juan,Kellen.Juan@yopmail.com
417,Kirstin,Jerold,Kirstin.Jerold@yopmail.com
418,Bernardine,Obed,Bernardine.Obed@yopmail.com
419,Pamella,Romelda,Pamella.Romelda@yopmail.com
420,Orelia,Voletta,Orelia.Voletta@yopmail.com
421,Meriel,Kravits,Meriel.Kravits@yopmail.com
422,Loree,Marijo,Loree.Marijo@yopmail.com
423,Korrie,Middleton,Korrie.Middleton@yopmail.com
424,Shirlee,Persse,Shirlee.Persse@yopmail.com
425,Blondelle,Esmaria,Blondelle.Esmaria@yopmail.com
426,Tilly,MacIntosh,Tilly.MacIntosh@yopmail.com
427,Kary,Dannye,Kary.Dannye@yopmail.com
428,Rori,Toni,Rori.Toni@yopmail.com
429,Sharlene,Hepsibah,Sharlene.Hepsibah@yopmail.com
430,Jackie,Monk,Jackie.Monk@yopmail.com
431,Felice,Susannah,Felice.Susannah@yopmail.com
432,Augustine,Voletta,Augustine.Voletta@yopmail.com
433,Janeczka,Means,Janeczka.Means@yopmail.com
434,Winifred,Hoban,Winifred.Hoban@yopmail.com
435,Laure,Faro,Laure.Faro@yopmail.com
436,Gwenneth,Vittoria,Gwenneth.Vittoria@yopmail.com
437,Gianina,Saunderson,Gianina.Saunderson@yopmail.com
438,Brietta,Ethban,Brietta.Ethban@yopmail.com
439,Marguerite,Creamer,Marguerite.Creamer@yopmail.com
440,Phedra,Ardra,Phedra.Ardra@yopmail.com
441,Etta,Girardo,Etta.Girardo@yopmail.com
442,Catrina,Calhoun,Catrina.Calhoun@yopmail.com
443,Dawn,Lea,Dawn.Lea@yopmail.com
444,Ilse,Vanni,Ilse.Vanni@yopmail.com
445,Carly,Aurelio,Carly.Aurelio@yopmail.com
446,Linzy,Gaal,Linzy.Gaal@yopmail.com
447,Cristabel,Grayce,Cristabel.Grayce@yopmail.com
448,Thalia,Edison,Thalia.Edison@yopmail.com
449,Vonny,Fiann,Vonny.Fiann@yopmail.com
450,Blondelle,Johnsson,Blondelle.Johnsson@yopmail.com
451,Merle,Poll,Merle.Poll@yopmail.com
452,Lila,Kauppi,Lila.Kauppi@yopmail.com
453,Corina,Jary,Corina.Jary@yopmail.com
454,Deane,Margret,Deane.Margret@yopmail.com
455,Carlie,Joli,Carlie.Joli@yopmail.com
456,Rochette,Naor,Rochette.Naor@yopmail.com
457,Alejandra,Kronfeld,Alejandra.Kronfeld@yopmail.com
458,Maridel,Pattin,Maridel.Pattin@yopmail.com
459,Orsola,Juliet,Orsola.Juliet@yopmail.com
460,Veda,Daniele,Veda.Daniele@yopmail.com
461,Melanie,Anyah,Melanie.Anyah@yopmail.com
462,Bee,Septima,Bee.Septima@yopmail.com
463,Genovera,Arne,Genovera.Arne@yopmail.com
464,Philis,Anton,Philis.Anton@yopmail.com
465,Katleen,Macey,Katleen.Macey@yopmail.com
466,Nariko,Dyche,Nariko.Dyche@yopmail.com
467,Elena,Brandice,Elena.Brandice@yopmail.com
468,Lynea,Uird,Lynea.Uird@yopmail.com
469,Florencia,Olympium,Florencia.Olympium@yopmail.com
470,Sara-Ann,Bandeen,Sara-Ann.Bandeen@yopmail.com
471,Sashenka,Francene,Sashenka.Francene@yopmail.com
472,Leontine,Claudine,Leontine.Claudine@yopmail.com
473,Trixi,Salchunas,Trixi.Salchunas@yopmail.com
474,Christy,Etom,Christy.Etom@yopmail.com
475,Natka,Alarise,Natka.Alarise@yopmail.com
476,Britni,Edee,Britni.Edee@yopmail.com
477,Merci,Pernick,Merci.Pernick@yopmail.com
478,Dione,Helve,Dione.Helve@yopmail.com
479,Shaine,Halla,Shaine.Halla@yopmail.com
480,Karolina,Lymann,Karolina.Lymann@yopmail.com
481,Wilma,Eldrid,Wilma.Eldrid@yopmail.com
482,Anallese,Muriel,Anallese.Muriel@yopmail.com
483,Marika,Garlinda,Marika.Garlinda@yopmail.com
484,Roxane,Jerald,Roxane.Jerald@yopmail.com
485,Mamie,Cloris,Mamie.Cloris@yopmail.com
486,Cordi,Hashim,Cordi.Hashim@yopmail.com
487,Janeczka,Berard,Janeczka.Berard@yopmail.com
488,Robinia,Caitlin,Robinia.Caitlin@yopmail.com
489,Beverley,Darian,Beverley.Darian@yopmail.com
490,Sharlene,Ellerey,Sharlene.Ellerey@yopmail.com
491,Cristabel,Edee,Cristabel.Edee@yopmail.com
492,Bill,Natica,Bill.Natica@yopmail.com
493,Madelle,Francyne,Madelle.Francyne@yopmail.com
494,Randa,Merriott,Randa.Merriott@yopmail.com
495,Kerrin,Emmy,Kerrin.Emmy@yopmail.com
496,Frank,Lilybelle,Frank.Lilybelle@yopmail.com
497,Trixi,Johnsson,Trixi.Johnsson@yopmail.com
498,Veda,Slifka,Veda.Slifka@yopmail.com
499,Cordi,Gladstone,Cordi.Gladstone@yopmail.com
500,Orsola,Zrike,Orsola.Zrike@yopmail.com
501,Ermengarde,Docilla,Ermengarde.Docilla@yopmail.com
502,Fanny,Vilma,Fanny.Vilma@yopmail.com
503,Frieda,Maurine,Frieda.Maurine@yopmail.com
504,Zsa Zsa,Riva,Zsa Zsa.Riva@yopmail.com
505,Evaleen,Dichy,Evaleen.Dichy@yopmail.com
506,Sallie,Hamil,Sallie.Hamil@yopmail.com
507,Cassondra,Revkah,Cassondra.Revkah@yopmail.com
508,Florie,Dudley,Florie.Dudley@yopmail.com
509,Sharlene,Lilas,Sharlene.Lilas@yopmail.com
510,Dione,Brunell,Dione.Brunell@yopmail.com
511,Cassandra,Kermit,Cassandra.Kermit@yopmail.com
512,Flory,Carbo,Flory.Carbo@yopmail.com
513,Rosanne,Zola,Rosanne.Zola@yopmail.com
514,Doro,Barrus,Doro.Barrus@yopmail.com
515,Ernesta,Gahl,Ernesta.Gahl@yopmail.com
516,Alameda,Dom,Alameda.Dom@yopmail.com
517,Adore,Podvin,Adore.Podvin@yopmail.com
518,Lauryn,Louanna,Lauryn.Louanna@yopmail.com
519,Marjie,Hepsibah,Marjie.Hepsibah@yopmail.com
520,Clarice,Yorick,Clarice.Yorick@yopmail.com
521,Lorie,Justinn,Lorie.Justinn@yopmail.com
522,Priscilla,Deegan,Priscilla.Deegan@yopmail.com
523,Vevay,Corabella,Vevay.Corabella@yopmail.com
524,Leia,Cohdwell,Leia.Cohdwell@yopmail.com
525,Lisette,Dimitris,Lisette.Dimitris@yopmail.com
526,Nita,Schenck,Nita.Schenck@yopmail.com
527,Suzette,Quinn,Suzette.Quinn@yopmail.com
528,Tersina,Sheedy,Tersina.Sheedy@yopmail.com
529,Therine,Abernon,Therine.Abernon@yopmail.com
530,Celisse,Carvey,Celisse.Carvey@yopmail.com
531,Elfreda,Maroney,Elfreda.Maroney@yopmail.com
532,Christal,Elbertina,Christal.Elbertina@yopmail.com
533,Laure,Hollingsworth,Laure.Hollingsworth@yopmail.com
534,Sandie,Fiester,Sandie.Fiester@yopmail.com
535,Augustine,Faria,Augustine.Faria@yopmail.com
536,Selma,Bettine,Selma.Bettine@yopmail.com
537,Tersina,Isacco,Tersina.Isacco@yopmail.com
538,Steffane,Zuzana,Steffane.Zuzana@yopmail.com
539,Ivett,Cutlerr,Ivett.Cutlerr@yopmail.com
540,Johna,Candy,Johna.Candy@yopmail.com
541,Dione,Brittani,Dione.Brittani@yopmail.com
542,Bettine,Jacqui,Bettine.Jacqui@yopmail.com
543,Mary,Federica,Mary.Federica@yopmail.com
544,Nanete,Cadmar,Nanete.Cadmar@yopmail.com
545,Gloria,Tacye,Gloria.Tacye@yopmail.com
546,Melanie,Haymes,Melanie.Haymes@yopmail.com
547,Ivett,Amethist,Ivett.Amethist@yopmail.com
548,Leeanne,Darrell,Leeanne.Darrell@yopmail.com
549,Stephanie,McLaughlin,Stephanie.McLaughlin@yopmail.com
550,Alameda,Hailee,Alameda.Hailee@yopmail.com
551,Rubie,Kylander,Rubie.Kylander@yopmail.com
552,Vanessa,O'Rourke,Vanessa.O'Rourke@yopmail.com
553,Tori,Sisile,Tori.Sisile@yopmail.com
554,Fina,Buttaro,Fina.Buttaro@yopmail.com
555,Laurene,Kenney,Laurene.Kenney@yopmail.com
556,Sharlene,Bow,Sharlene.Bow@yopmail.com
557,Averyl,Sophronia,Averyl.Sophronia@yopmail.com
558,Queenie,Koehler,Queenie.Koehler@yopmail.com
559,Celisse,Bronk,Celisse.Bronk@yopmail.com
560,Paule,Lauraine,Paule.Lauraine@yopmail.com
561,Dorothy,Cleo,Dorothy.Cleo@yopmail.com
562,Briney,Morrill,Briney.Morrill@yopmail.com
563,Tamqrah,Garlinda,Tamqrah.Garlinda@yopmail.com
564,Bill,Guildroy,Bill.Guildroy@yopmail.com
565,Lynea,Valoniah,Lynea.Valoniah@yopmail.com
566,Cassandra,Seagraves,Cassandra.Seagraves@yopmail.com
567,Roslyn,Kosey,Roslyn.Kosey@yopmail.com
568,Cassondra,Hewitt,Cassondra.Hewitt@yopmail.com
569,Hayley,Kermit,Hayley.Kermit@yopmail.com
570,Elise,Fancie,Elise.Fancie@yopmail.com
571,Kayla,Goth,Kayla.Goth@yopmail.com
572,Bobbi,Velick,Bobbi.Velick@yopmail.com
573,Vanessa,Olin,Vanessa.Olin@yopmail.com
574,Emilia,Bord,Emilia.Bord@yopmail.com
575,Katharina,Hoban,Katharina.Hoban@yopmail.com
576,Dennie,Herrera,Dennie.Herrera@yopmail.com
577,Amii,Ries,Amii.Ries@yopmail.com
578,Flory,Erb,Flory.Erb@yopmail.com
579,Gretal,Bach,Gretal.Bach@yopmail.com
580,Pamella,Velick,Pamella.Velick@yopmail.com
581,Consuela,Phi,Consuela.Phi@yopmail.com
582,Dania,Buffum,Dania.Buffum@yopmail.com
583,Ivett,Leler,Ivett.Leler@yopmail.com
584,Charissa,Nerita,Charissa.Nerita@yopmail.com
585,Fanchon,Mata,Fanchon.Mata@yopmail.com
586,Zsa Zsa,Allare,Zsa Zsa.Allare@yopmail.com
587,Aimil,Teryn,Aimil.Teryn@yopmail.com
588,Sue,Vittoria,Sue.Vittoria@yopmail.com
589,Merry,Chandler,Merry.Chandler@yopmail.com
590,Jacquetta,Schwejda,Jacquetta.Schwejda@yopmail.com
591,Dacia,Selway,Dacia.Selway@yopmail.com
592,Yetty,Wyn,Yetty.Wyn@yopmail.com
593,Angela,Janene,Angela.Janene@yopmail.com
594,Edith,Niles,Edith.Niles@yopmail.com
595,Esmeralda,Garek,Esmeralda.Garek@yopmail.com
596,Halette,Joli,Halette.Joli@yopmail.com
597,Kimberley,Wiener,Kimberley.Wiener@yopmail.com
598,Rosaline,Krystle,Rosaline.Krystle@yopmail.com
599,Taffy,Tamsky,Taffy.Tamsky@yopmail.com
600,Frieda,Harl,Frieda.Harl@yopmail.com
601,Brena,Glovsky,Brena.Glovsky@yopmail.com
602,Kial,O'Rourke,Kial.O'Rourke@yopmail.com
603,Bibby,Keelia,Bibby.Keelia@yopmail.com
604,Carmela,Charmine,Carmela.Charmine@yopmail.com
605,Rivalee,Natica,Rivalee.Natica@yopmail.com
606,Chrystel,Lemuela,Chrystel.Lemuela@yopmail.com
607,Lolita,Even,Lolita.Even@yopmail.com
608,Sandie,Abram,Sandie.Abram@yopmail.com
609,Leanna,Cohdwell,Leanna.Cohdwell@yopmail.com
610,Cacilie,Willie,Cacilie.Willie@yopmail.com
611,Neila,Lunsford,Neila.Lunsford@yopmail.com
612,Lynea,Ralfston,Lynea.Ralfston@yopmail.com
613,Dania,Klotz,Dania.Klotz@yopmail.com
614,Hallie,Behre,Hallie.Behre@yopmail.com
615,Fidelia,Geffner,Fidelia.Geffner@yopmail.com
616,Dolli,Idelia,Dolli.Idelia@yopmail.com
617,Jackie,Johanna,Jackie.Johanna@yopmail.com
618,Clementine,Natica,Clementine.Natica@yopmail.com
619,Meg,Bearnard,Meg.Bearnard@yopmail.com
620,Shell,Dowski,Shell.Dowski@yopmail.com
621,Lorenza,Sprage,Lorenza.Sprage@yopmail.com
622,Isa,Vacuva,Isa.Vacuva@yopmail.com
623,Kimmy,Bord,Kimmy.Bord@yopmail.com
624,Caritta,Hurley,Caritta.Hurley@yopmail.com
625,Suzette,Irmine,Suzette.Irmine@yopmail.com
626,Binny,Campball,Binny.Campball@yopmail.com
627,Dianemarie,Cornelia,Dianemarie.Cornelia@yopmail.com
628,Karolina,Nea,Karolina.Nea@yopmail.com
629,Halette,Birdella,Halette.Birdella@yopmail.com
630,Leanna,McClimans,Leanna.McClimans@yopmail.com
631,Yolane,Center,Yolane.Center@yopmail.com
632,Winifred,Ellord,Winifred.Ellord@yopmail.com
633,Lynde,Junie,Lynde.Junie@yopmail.com
634,Rozele,Margarete,Rozele.Margarete@yopmail.com
635,Eve,Bettine,Eve.Bettine@yopmail.com
636,Jessy,Shirberg,Jessy.Shirberg@yopmail.com
637,Elora,Johanna,Elora.Johanna@yopmail.com
638,Asia,Trace,Asia.Trace@yopmail.com
639,Michaelina,Rhu,Michaelina.Rhu@yopmail.com
640,Claresta,Anton,Claresta.Anton@yopmail.com
641,Danika,Goldina,Danika.Goldina@yopmail.com
642,Helsa,Hailee,Helsa.Hailee@yopmail.com
643,Lucille,Newell,Lucille.Newell@yopmail.com
644,Trudie,Durante,Trudie.Durante@yopmail.com
645,Hyacinthe,Firmin,Hyacinthe.Firmin@yopmail.com
646,Chere,Dielu,Chere.Dielu@yopmail.com
647,Desirae,Drus,Desirae.Drus@yopmail.com
648,Misha,Socha,Misha.Socha@yopmail.com
649,Felice,Payson,Felice.Payson@yopmail.com
650,Gianina,Cimbura,Gianina.Cimbura@yopmail.com
651,Adele,Leonard,Adele.Leonard@yopmail.com
652,Valera,Eben,Valera.Eben@yopmail.com
653,Briney,Jenness,Briney.Jenness@yopmail.com
654,Winifred,Jehu,Winifred.Jehu@yopmail.com
655,Jasmina,Zitvaa,Jasmina.Zitvaa@yopmail.com
656,Tarra,Kirstin,Tarra.Kirstin@yopmail.com
657,Shel,Goerke,Shel.Goerke@yopmail.com
658,Xylina,Maxi,Xylina.Maxi@yopmail.com
659,Desirae,Baudin,Desirae.Baudin@yopmail.com
660,Luci,Heidt,Luci.Heidt@yopmail.com
661,Veda,Bow,Veda.Bow@yopmail.com
662,Aigneis,Zrike,Aigneis.Zrike@yopmail.com
663,Allis,Lytton,Allis.Lytton@yopmail.com
664,Roseline,Fabiola,Roseline.Fabiola@yopmail.com
665,Evaleen,Lenny,Evaleen.Lenny@yopmail.com
666,Desirae,Felizio,Desirae.Felizio@yopmail.com
667,Tabbatha,Dom,Tabbatha.Dom@yopmail.com
668,Cassandra,Ralfston,Cassandra.Ralfston@yopmail.com
669,Rozele,Westphal,Rozele.Westphal@yopmail.com
670,Raf,Remmer,Raf.Remmer@yopmail.com
671,Steffane,Dowski,Steffane.Dowski@yopmail.com
672,Dale,Rudolph,Dale.Rudolph@yopmail.com
673,Katharina,Gualtiero,Katharina.Gualtiero@yopmail.com
674,Carmela,Annice,Carmela.Annice@yopmail.com
675,Miquela,Granoff,Miquela.Granoff@yopmail.com
676,Danny,Argus,Danny.Argus@yopmail.com
677,Zaria,Shelba,Zaria.Shelba@yopmail.com
678,Leeanne,Mata,Leeanne.Mata@yopmail.com
679,Lanae,McNully,Lanae.McNully@yopmail.com
680,Cassandra,Haldas,Cassandra.Haldas@yopmail.com
681,Albertina,Ader,Albertina.Ader@yopmail.com
682,Dyann,Odell,Dyann.Odell@yopmail.com
683,Consuela,Tengdin,Consuela.Tengdin@yopmail.com
684,Consuela,Irmine,Consuela.Irmine@yopmail.com
685,Tabbatha,Carvey,Tabbatha.Carvey@yopmail.com
686,Juliane,Eben,Juliane.Eben@yopmail.com
687,Hettie,Lemuela,Hettie.Lemuela@yopmail.com
688,Jordan,Goth,Jordan.Goth@yopmail.com
689,Eadie,Shama,Eadie.Shama@yopmail.com
690,Ira,Byrne,Ira.Byrne@yopmail.com
691,Fred,Leifeste,Fred.Leifeste@yopmail.com
692,Augustine,Crudden,Augustine.Crudden@yopmail.com
693,June,Peonir,June.Peonir@yopmail.com
694,Christian,Lauraine,Christian.Lauraine@yopmail.com
695,Jean,Heisel,Jean.Heisel@yopmail.com
696,Donetta,Syd,Donetta.Syd@yopmail.com
697,Selma,Whiffen,Selma.Whiffen@yopmail.com
698,Shaine,Cornelia,Shaine.Cornelia@yopmail.com
699,Tina,Stefa,Tina.Stefa@yopmail.com
700,Tina,Nisbet,Tina.Nisbet@yopmail.com
701,Betta,Tybald,Betta.Tybald@yopmail.com
702,Keelia,Kamaria,Keelia.Kamaria@yopmail.com
703,Mathilda,Vittoria,Mathilda.Vittoria@yopmail.com
704,Gertrud,Barbey,Gertrud.Barbey@yopmail.com
705,Annice,Jillane,Annice.Jillane@yopmail.com
706,Jacquetta,Lytton,Jacquetta.Lytton@yopmail.com
707,Romona,Ricki,Romona.Ricki@yopmail.com
708,Thalia,Dearborn,Thalia.Dearborn@yopmail.com
709,Leia,Nickola,Leia.Nickola@yopmail.com
710,Corina,Natalia,Corina.Natalia@yopmail.com
711,Margarette,Sheedy,Margarette.Sheedy@yopmail.com
712,Lynnea,Redmond,Lynnea.Redmond@yopmail.com
713,Fred,Suanne,Fred.Suanne@yopmail.com
714,Arlina,Lay,Arlina.Lay@yopmail.com
715,Marika,Auberbach,Marika.Auberbach@yopmail.com
716,Tami,Erb,Tami.Erb@yopmail.com
717,Wilma,Francyne,Wilma.Francyne@yopmail.com
718,Cacilie,Letsou,Cacilie.Letsou@yopmail.com
719,Kelly,Catie,Kelly.Catie@yopmail.com
720,Albertina,O'Carroll,Albertina.O'Carroll@yopmail.com
721,Lilith,Shuler,Lilith.Shuler@yopmail.com
722,Delilah,Neva,Delilah.Neva@yopmail.com
723,Minda,Cleo,Minda.Cleo@yopmail.com
724,Violet,Capello,Violet.Capello@yopmail.com
725,Gertrud,Zola,Gertrud.Zola@yopmail.com
726,Thalia,Janene,Thalia.Janene@yopmail.com
727,Karina,Belldas,Karina.Belldas@yopmail.com
728,Candy,Guildroy,Candy.Guildroy@yopmail.com
729,Ilse,Hertzfeld,Ilse.Hertzfeld@yopmail.com
730,Kayla,Gladstone,Kayla.Gladstone@yopmail.com
731,Fayre,Silvan,Fayre.Silvan@yopmail.com
732,Ermengarde,Prober,Ermengarde.Prober@yopmail.com
733,Harrietta,Tufts,Harrietta.Tufts@yopmail.com
734,Joceline,Evvie,Joceline.Evvie@yopmail.com
735,Cissiee,Stephie,Cissiee.Stephie@yopmail.com
736,Rubie,Mata,Rubie.Mata@yopmail.com
737,Ilse,Ball,Ilse.Ball@yopmail.com
738,Bettine,McCutcheon,Bettine.McCutcheon@yopmail.com
739,Blake,Center,Blake.Center@yopmail.com
740,Paola,Barrus,Paola.Barrus@yopmail.com
741,Dale,Wind,Dale.Wind@yopmail.com
742,Carree,Lindemann,Carree.Lindemann@yopmail.com
743,Molli,Frodi,Molli.Frodi@yopmail.com
744,Tani,Beniamino,Tani.Beniamino@yopmail.com
745,Patricia,Obed,Patricia.Obed@yopmail.com
746,Sybille,Linehan,Sybille.Linehan@yopmail.com
747,Briney,Swigart,Briney.Swigart@yopmail.com
748,Margarette,Atcliffe,Margarette.Atcliffe@yopmail.com
749,Adriana,Mintz,Adriana.Mintz@yopmail.com
750,Florie,Japeth,Florie.Japeth@yopmail.com
751,Dione,Azeria,Dione.Azeria@yopmail.com
752,Laurene,Ball,Laurene.Ball@yopmail.com
753,Audrie,Lia,Audrie.Lia@yopmail.com
754,Mariele,Beebe,Mariele.Beebe@yopmail.com
755,Marleah,Keily,Marleah.Keily@yopmail.com
756,Jaclyn,Wildermuth,Jaclyn.Wildermuth@yopmail.com
757,Flo,Calhoun,Flo.Calhoun@yopmail.com
758,Deane,Chrystel,Deane.Chrystel@yopmail.com
759,Tiffie,Stoller,Tiffie.Stoller@yopmail.com
760,Candy,Kazimir,Candy.Kazimir@yopmail.com
761,Cristine,Greenwald,Cristine.Greenwald@yopmail.com
762,Dulce,Delacourt,Dulce.Delacourt@yopmail.com
763,Robinia,Neva,Robinia.Neva@yopmail.com
764,Sherrie,Rogerio,Sherrie.Rogerio@yopmail.com
765,Collen,Bendick,Collen.Bendick@yopmail.com
766,Myriam,Prober,Myriam.Prober@yopmail.com
767,Oralee,Longfellow,Oralee.Longfellow@yopmail.com
768,Maridel,Ogren,Maridel.Ogren@yopmail.com
769,Brandise,Sundin,Brandise.Sundin@yopmail.com
770,Ofilia,Aloise,Ofilia.Aloise@yopmail.com
771,Letizia,Joseph,Letizia.Joseph@yopmail.com
772,Ashlee,Skurnik,Ashlee.Skurnik@yopmail.com
773,Mureil,Swigart,Mureil.Swigart@yopmail.com
774,Fawne,Faro,Fawne.Faro@yopmail.com
775,Chrystel,Curren,Chrystel.Curren@yopmail.com
776,Kalina,Hutchison,Kalina.Hutchison@yopmail.com
777,Sashenka,Gualtiero,Sashenka.Gualtiero@yopmail.com
778,Theodora,Danby,Theodora.Danby@yopmail.com
779,Gratia,Fillbert,Gratia.Fillbert@yopmail.com
780,Flo,Calhoun,Flo.Calhoun@yopmail.com
781,Chere,Angelis,Chere.Angelis@yopmail.com
782,Genovera,Federica,Genovera.Federica@yopmail.com
783,Merrie,Lubin,Merrie.Lubin@yopmail.com
784,Donetta,McCutcheon,Donetta.McCutcheon@yopmail.com
785,Brooks,Wattenberg,Brooks.Wattenberg@yopmail.com
786,Gusty,Jaylene,Gusty.Jaylene@yopmail.com
787,Teddie,Macey,Teddie.Macey@yopmail.com
788,Therine,Lia,Therine.Lia@yopmail.com
789,Gui,Thomasina,Gui.Thomasina@yopmail.com
790,Beatriz,Campball,Beatriz.Campball@yopmail.com
791,Cacilie,Ax,Cacilie.Ax@yopmail.com
792,Emmey,Sandye,Emmey.Sandye@yopmail.com
793,Frances,Charmine,Frances.Charmine@yopmail.com
794,Starla,Marcellus,Starla.Marcellus@yopmail.com
795,Thalia,Kevon,Thalia.Kevon@yopmail.com
796,Margarette,Rhu,Margarette.Rhu@yopmail.com
797,Paola,Odysseus,Paola.Odysseus@yopmail.com
798,Gaylene,Carleen,Gaylene.Carleen@yopmail.com
799,Peri,Podvin,Peri.Podvin@yopmail.com
800,Josephine,Mathilde,Josephine.Mathilde@yopmail.com
801,Cherrita,Delila,Cherrita.Delila@yopmail.com
802,Cyb,Agle,Cyb.Agle@yopmail.com
803,Britni,Paine,Britni.Paine@yopmail.com
804,Bernie,Catie,Bernie.Catie@yopmail.com
805,Joane,Wu,Joane.Wu@yopmail.com
806,Cordi,Fabiola,Cordi.Fabiola@yopmail.com
807,Heida,Rugen,Heida.Rugen@yopmail.com
808,Starla,Angelis,Starla.Angelis@yopmail.com
809,Mureil,Hepsibah,Mureil.Hepsibah@yopmail.com
810,Heddie,Shama,Heddie.Shama@yopmail.com
811,Tani,Allina,Tani.Allina@yopmail.com
812,Margette,Durware,Margette.Durware@yopmail.com
813,Gabi,Bakerman,Gabi.Bakerman@yopmail.com
814,Ulrike,Allina,Ulrike.Allina@yopmail.com
815,Trudie,Boehike,Trudie.Boehike@yopmail.com
816,Lolita,Mata,Lolita.Mata@yopmail.com
817,Malina,Haerr,Malina.Haerr@yopmail.com
818,Dyann,Marisa,Dyann.Marisa@yopmail.com
819,Concettina,Sheedy,Concettina.Sheedy@yopmail.com
820,Andeee,Wu,Andeee.Wu@yopmail.com
821,Maye,Swanhildas,Maye.Swanhildas@yopmail.com
822,Codie,Yam,Codie.Yam@yopmail.com
823,Heida,Gaynor,Heida.Gaynor@yopmail.com
824,Alejandra,Ramona,Alejandra.Ramona@yopmail.com
825,Tressa,Sundin,Tressa.Sundin@yopmail.com
826,Gloria,Xerxes,Gloria.Xerxes@yopmail.com
827,Hettie,Elisha,Hettie.Elisha@yopmail.com
828,Tamqrah,Hurley,Tamqrah.Hurley@yopmail.com
829,Bernie,Buttaro,Bernie.Buttaro@yopmail.com
830,Madelle,Tayib,Madelle.Tayib@yopmail.com
831,Daryl,Mott,Daryl.Mott@yopmail.com
832,Karolina,Georas,Karolina.Georas@yopmail.com
833,Patricia,Herrera,Patricia.Herrera@yopmail.com
834,Lily,Blisse,Lily.Blisse@yopmail.com
835,Chandra,Rese,Chandra.Rese@yopmail.com
836,Noelle,Reneta,Noelle.Reneta@yopmail.com
837,Basia,Madox,Basia.Madox@yopmail.com
838,Neila,Mitzi,Neila.Mitzi@yopmail.com
839,Emelina,Deegan,Emelina.Deegan@yopmail.com
840,Nollie,Cressida,Nollie.Cressida@yopmail.com
841,Agathe,Lareena,Agathe.Lareena@yopmail.com
842,Kalina,Travax,Kalina.Travax@yopmail.com
843,Gretal,Boehike,Gretal.Boehike@yopmail.com
844,Caressa,Clywd,Caressa.Clywd@yopmail.com
845,Joceline,Pascia,Joceline.Pascia@yopmail.com
846,Gusty,Ciapas,Gusty.Ciapas@yopmail.com
847,Dyann,Carey,Dyann.Carey@yopmail.com
848,Kaia,Orpah,Kaia.Orpah@yopmail.com
849,Wanda,Lilas,Wanda.Lilas@yopmail.com
850,Vivia,Kiyoshi,Vivia.Kiyoshi@yopmail.com
851,Gloria,Malanie,Gloria.Malanie@yopmail.com
852,Keelia,Pierette,Keelia.Pierette@yopmail.com
853,Margette,Payson,Margette.Payson@yopmail.com
854,Lucille,Posner,Lucille.Posner@yopmail.com
855,Hettie,Sheedy,Hettie.Sheedy@yopmail.com
856,Lonnie,Nunci,Lonnie.Nunci@yopmail.com
857,Kalina,Emerson,Kalina.Emerson@yopmail.com
858,Evaleen,Parsaye,Evaleen.Parsaye@yopmail.com
859,Chloris,Gunn,Chloris.Gunn@yopmail.com
860,Esmeralda,Hailee,Esmeralda.Hailee@yopmail.com
861,Perry,Holbrook,Perry.Holbrook@yopmail.com
862,Ariela,Silvan,Ariela.Silvan@yopmail.com
863,Nita,Milson,Nita.Milson@yopmail.com
864,Edee,Kimmie,Edee.Kimmie@yopmail.com
865,Kimmy,Oscar,Kimmy.Oscar@yopmail.com
866,Codie,Juan,Codie.Juan@yopmail.com
867,Chickie,Anselmi,Chickie.Anselmi@yopmail.com
868,Frances,Eiser,Frances.Eiser@yopmail.com
869,Yolane,Love,Yolane.Love@yopmail.com
870,Aaren,Darrell,Aaren.Darrell@yopmail.com
871,Stacey,Chem,Stacey.Chem@yopmail.com
872,Sissy,Hashim,Sissy.Hashim@yopmail.com
873,Joceline,McLaughlin,Joceline.McLaughlin@yopmail.com
874,Rhoda,Izaak,Rhoda.Izaak@yopmail.com
875,Tybie,Posner,Tybie.Posner@yopmail.com
876,Leontine,Audly,Leontine.Audly@yopmail.com
877,Oralee,Miru,Oralee.Miru@yopmail.com
878,Marsiella,Azeria,Marsiella.Azeria@yopmail.com
879,Darci,Hilbert,Darci.Hilbert@yopmail.com
880,Sibella,Garbe,Sibella.Garbe@yopmail.com
881,Mary,Japeth,Mary.Japeth@yopmail.com
882,Ernesta,Oneida,Ernesta.Oneida@yopmail.com
883,Heida,Pettiford,Heida.Pettiford@yopmail.com
884,Georgetta,Yerkovich,Georgetta.Yerkovich@yopmail.com
885,Amara,Thad,Amara.Thad@yopmail.com
886,Janeczka,Olympium,Janeczka.Olympium@yopmail.com
887,Johna,Faro,Johna.Faro@yopmail.com
888,Melina,Atcliffe,Melina.Atcliffe@yopmail.com
889,Emylee,Haldas,Emylee.Haldas@yopmail.com
890,Margarette,Virgin,Margarette.Virgin@yopmail.com
891,Flory,Presber,Flory.Presber@yopmail.com
892,Chandra,Hoenack,Chandra.Hoenack@yopmail.com
893,Kore,Borrell,Kore.Borrell@yopmail.com
894,Trixi,Breed,Trixi.Breed@yopmail.com
895,Marnia,Ferrell,Marnia.Ferrell@yopmail.com
896,Zondra,Hollingsworth,Zondra.Hollingsworth@yopmail.com
897,Jenda,Myrilla,Jenda.Myrilla@yopmail.com
898,Carlie,Martguerita,Carlie.Martguerita@yopmail.com
899,Alejandra,Old,Alejandra.Old@yopmail.com
900,Minne,Zola,Minne.Zola@yopmail.com
901,Marnia,Riva,Marnia.Riva@yopmail.com
902,Oralee,Hortensia,Oralee.Hortensia@yopmail.com
903,Albertina,Ranjiv,Albertina.Ranjiv@yopmail.com
904,Fidelia,Izaak,Fidelia.Izaak@yopmail.com
905,Molli,Junie,Molli.Junie@yopmail.com
906,Selia,Rheingold,Selia.Rheingold@yopmail.com
907,Elsie,Gunn,Elsie.Gunn@yopmail.com
908,Sharlene,Firmin,Sharlene.Firmin@yopmail.com
909,Calla,Ummersen,Calla.Ummersen@yopmail.com
910,Maye,Zrike,Maye.Zrike@yopmail.com
911,Deedee,Saint,Deedee.Saint@yopmail.com
912,Shell,Sikorski,Shell.Sikorski@yopmail.com
913,Karina,Monaco,Karina.Monaco@yopmail.com
914,Vanessa,Kaja,Vanessa.Kaja@yopmail.com
915,Esmeralda,Autrey,Esmeralda.Autrey@yopmail.com
916,Josephine,Meter,Josephine.Meter@yopmail.com
917,Amelia,Noelyn,Amelia.Noelyn@yopmail.com
918,Oona,Baudin,Oona.Baudin@yopmail.com
919,Jessamyn,Mendez,Jessamyn.Mendez@yopmail.com
920,Orsola,Niles,Orsola.Niles@yopmail.com
921,Janis,Ball,Janis.Ball@yopmail.com
922,Aeriela,Irmine,Aeriela.Irmine@yopmail.com
923,Lolita,Lymann,Lolita.Lymann@yopmail.com
924,Elora,Ferrell,Elora.Ferrell@yopmail.com
925,Joelly,Yerkovich,Joelly.Yerkovich@yopmail.com
926,Brooks,Eben,Brooks.Eben@yopmail.com
927,Nadine,Braun,Nadine.Braun@yopmail.com
928,Mellicent,Aurelio,Mellicent.Aurelio@yopmail.com
929,Lucille,Anyah,Lucille.Anyah@yopmail.com
930,Jaime,Ehrman,Jaime.Ehrman@yopmail.com
931,Consuela,Lesley,Consuela.Lesley@yopmail.com
932,Nikki,Suanne,Nikki.Suanne@yopmail.com
933,Jordan,Knowling,Jordan.Knowling@yopmail.com
934,Ana,Parette,Ana.Parette@yopmail.com
935,Regina,Annice,Regina.Annice@yopmail.com
936,Neila,Fennessy,Neila.Fennessy@yopmail.com
937,Bernardine,Gilbertson,Bernardine.Gilbertson@yopmail.com
938,Evita,Shields,Evita.Shields@yopmail.com
939,Gale,Deny,Gale.Deny@yopmail.com
940,Dione,Syd,Dione.Syd@yopmail.com
941,Chastity,Han,Chastity.Han@yopmail.com
942,Harrietta,Faro,Harrietta.Faro@yopmail.com
943,Adelle,Bennie,Adelle.Bennie@yopmail.com
944,Chrystel,Kalinda,Chrystel.Kalinda@yopmail.com
945,Jere,Roche,Jere.Roche@yopmail.com
946,Sheree,Fairweather,Sheree.Fairweather@yopmail.com
947,Brana,Sadowski,Brana.Sadowski@yopmail.com
948,Lenna,Bollay,Lenna.Bollay@yopmail.com
949,Sabina,Rogerio,Sabina.Rogerio@yopmail.com
950,Lesly,Bandeen,Lesly.Bandeen@yopmail.com
951,Gerianna,Lail,Gerianna.Lail@yopmail.com
952,Gerrie,Emmy,Gerrie.Emmy@yopmail.com
953,Gusty,Nerita,Gusty.Nerita@yopmail.com
954,Lily,Grayce,Lily.Grayce@yopmail.com
955,Constance,Shanley,Constance.Shanley@yopmail.com
956,Rochette,Arvo,Rochette.Arvo@yopmail.com
957,Monika,Palocz,Monika.Palocz@yopmail.com
958,Thalia,Hedve,Thalia.Hedve@yopmail.com
959,Ariela,Thema,Ariela.Thema@yopmail.com
960,Rani,Demitria,Rani.Demitria@yopmail.com
961,Philis,Korey,Philis.Korey@yopmail.com
962,Mara,Obed,Mara.Obed@yopmail.com
963,Drucie,Talia,Drucie.Talia@yopmail.com
964,Joane,Ochs,Joane.Ochs@yopmail.com
965,Oona,Teddman,Oona.Teddman@yopmail.com
966,Sara-Ann,Eno,Sara-Ann.Eno@yopmail.com
967,Liana,Arathorn,Liana.Arathorn@yopmail.com
968,Carol-Jean,Reidar,Carol-Jean.Reidar@yopmail.com
969,Arlena,Fontana,Arlena.Fontana@yopmail.com
970,Jillayne,Hieronymus,Jillayne.Hieronymus@yopmail.com
971,Dominga,Lanita,Dominga.Lanita@yopmail.com
972,Silvana,Andrel,Silvana.Andrel@yopmail.com
973,Stephanie,Hoban,Stephanie.Hoban@yopmail.com
974,Agathe,Ellord,Agathe.Ellord@yopmail.com
975,Gwenneth,Phyllis,Gwenneth.Phyllis@yopmail.com
976,Claudina,Gaspard,Claudina.Gaspard@yopmail.com
977,Carilyn,Yate,Carilyn.Yate@yopmail.com
978,Lilith,Chaing,Lilith.Chaing@yopmail.com
979,Lanna,Yerkovich,Lanna.Yerkovich@yopmail.com
980,Sandie,Meli,Sandie.Meli@yopmail.com
981,Sandie,Denis,Sandie.Denis@yopmail.com
982,Layla,Rossner,Layla.Rossner@yopmail.com
983,Keelia,Henebry,Keelia.Henebry@yopmail.com
984,Mamie,Carri,Mamie.Carri@yopmail.com
985,Cecile,Rosalba,Cecile.Rosalba@yopmail.com
986,Frank,Mintz,Frank.Mintz@yopmail.com
987,Leona,Barbey,Leona.Barbey@yopmail.com
988,Rosaline,Duwalt,Rosaline.Duwalt@yopmail.com
989,Janenna,Willie,Janenna.Willie@yopmail.com
990,Carmencita,Guthrie,Carmencita.Guthrie@yopmail.com
991,Anallese,Papageno,Anallese.Papageno@yopmail.com
992,Marti,Zenas,Marti.Zenas@yopmail.com
993,Ayn,Glovsky,Ayn.Glovsky@yopmail.com
994,Barbi,Zitvaa,Barbi.Zitvaa@yopmail.com
995,Nonnah,Macey,Nonnah.Macey@yopmail.com
996,Ezmeralda,Penelopa,Ezmeralda.Penelopa@yopmail.com
997,Danika,Isidore,Danika.Isidore@yopmail.com
998,Sophia,Kravits,Sophia.Kravits@yopmail.com
999,Stephanie,Bettine,Stephanie.Bettine@yopmail.com
1000,Margarette,Smitt,Margarette.Smitt@yopmail.com
1001,Katharina,Ietta,Katharina.Ietta@yopmail.com
1002,Genovera,Lay,Genovera.Lay@yopmail.com
1003,Deirdre,Aprile,Deirdre.Aprile@yopmail.com
1004,Zaria,Stevy,Zaria.Stevy@yopmail.com
1005,Sophia,Natalia,Sophia.Natalia@yopmail.com
1006,Sara-Ann,Sothena,Sara-Ann.Sothena@yopmail.com
1007,Darci,Dituri,Darci.Dituri@yopmail.com
1008,Delilah,Salchunas,Delilah.Salchunas@yopmail.com
1009,Yetty,Pond,Yetty.Pond@yopmail.com
1010,Lily,Engdahl,Lily.Engdahl@yopmail.com
1011,Gale,Seessel,Gale.Seessel@yopmail.com
1012,Lanna,Rossner,Lanna.Rossner@yopmail.com
1013,Tatiania,Katrine,Tatiania.Katrine@yopmail.com
1014,Clarice,Heisel,Clarice.Heisel@yopmail.com
1015,Gusty,Sibyls,Gusty.Sibyls@yopmail.com
1016,Alexine,Jammal,Alexine.Jammal@yopmail.com
1017,Emylee,Brian,Emylee.Brian@yopmail.com
1018,Britni,Hunfredo,Britni.Hunfredo@yopmail.com
1019,Chandra,Rosette,Chandra.Rosette@yopmail.com
1020,Nikki,Casimir,Nikki.Casimir@yopmail.com
1021,Katharina,Genna,Katharina.Genna@yopmail.com
1022,Madeleine,Mott,Madeleine.Mott@yopmail.com
1023,Jenda,Cecile,Jenda.Cecile@yopmail.com
1024,Ekaterina,Tayib,Ekaterina.Tayib@yopmail.com
1025,Marleah,Gaynor,Marleah.Gaynor@yopmail.com
1026,Minne,Callista,Minne.Callista@yopmail.com
1027,Katharina,Baptlsta,Katharina.Baptlsta@yopmail.com
1028,Lynde,Zetta,Lynde.Zetta@yopmail.com
1029,Caryl,Ludewig,Caryl.Ludewig@yopmail.com
1030,Rebeca,Albertine,Rebeca.Albertine@yopmail.com
1031,Merci,Macey,Merci.Macey@yopmail.com
1032,Marguerite,Brodench,Marguerite.Brodench@yopmail.com
1033,Edith,Vernier,Edith.Vernier@yopmail.com
1034,Ada,Natica,Ada.Natica@yopmail.com
1035,Halette,Anselmi,Halette.Anselmi@yopmail.com
1036,Ekaterina,Buttaro,Ekaterina.Buttaro@yopmail.com
1037,Odessa,Sperling,Odessa.Sperling@yopmail.com
1038,Theodora,Hoenack,Theodora.Hoenack@yopmail.com
1039,Teriann,Rozanna,Teriann.Rozanna@yopmail.com
1040,Gusella,Reinke,Gusella.Reinke@yopmail.com
1041,Hermione,Jary,Hermione.Jary@yopmail.com
1042,Theodora,Yate,Theodora.Yate@yopmail.com
1043,June,Stelle,June.Stelle@yopmail.com
1044,Gratia,MacIntosh,Gratia.MacIntosh@yopmail.com
1045,Penelopa,Brieta,Penelopa.Brieta@yopmail.com
1046,Verla,Edmund,Verla.Edmund@yopmail.com
1047,Aurore,Bigner,Aurore.Bigner@yopmail.com
1048,Nollie,Monaco,Nollie.Monaco@yopmail.com
1049,Kenna,Vins,Kenna.Vins@yopmail.com
1050,Magdalena,Bibi,Magdalena.Bibi@yopmail.com
1051,Leeanne,Manolo,Leeanne.Manolo@yopmail.com
1052,Beverley,Terrence,Beverley.Terrence@yopmail.com
1053,Gerrie,Sparhawk,Gerrie.Sparhawk@yopmail.com
1054,Elsie,Fry,Elsie.Fry@yopmail.com
1055,Harrietta,Lewes,Harrietta.Lewes@yopmail.com
1056,Lynnea,Pernick,Lynnea.Pernick@yopmail.com
1057,Brietta,Edvard,Brietta.Edvard@yopmail.com
1058,Marinna,O'Rourke,Marinna.O'Rourke@yopmail.com
1059,Merry,Swanhildas,Merry.Swanhildas@yopmail.com
1060,Lacie,Dyche,Lacie.Dyche@yopmail.com
1061,Melanie,Blase,Melanie.Blase@yopmail.com
1062,Marcy,Joni,Marcy.Joni@yopmail.com
1063,Lila,Olnee,Lila.Olnee@yopmail.com
1064,Kathi,Gahl,Kathi.Gahl@yopmail.com
1065,Kirbee,Zaslow,Kirbee.Zaslow@yopmail.com
1066,Joy,Roscoe,Joy.Roscoe@yopmail.com
1067,Georgetta,Dunkin,Georgetta.Dunkin@yopmail.com
1068,Rebeca,Danby,Rebeca.Danby@yopmail.com
1069,Elena,Lorain,Elena.Lorain@yopmail.com
1070,Dulcinea,Riva,Dulcinea.Riva@yopmail.com
1071,Ira,Tamar,Ira.Tamar@yopmail.com
1072,Beatriz,Corilla,Beatriz.Corilla@yopmail.com
1073,Corry,Helve,Corry.Helve@yopmail.com
1074,Nickie,Duwalt,Nickie.Duwalt@yopmail.com
1075,Hettie,Hewitt,Hettie.Hewitt@yopmail.com
1076,Josephine,Skell,Josephine.Skell@yopmail.com
1077,Ardenia,Breed,Ardenia.Breed@yopmail.com
1078,Tiffie,Shaddock,Tiffie.Shaddock@yopmail.com
1079,Kathi,Beniamino,Kathi.Beniamino@yopmail.com
1080,Hope,Tryck,Hope.Tryck@yopmail.com
1081,Sallie,Fosque,Sallie.Fosque@yopmail.com
1082,Eve,Berl,Eve.Berl@yopmail.com
1083,Charissa,Sacken,Charissa.Sacken@yopmail.com
1084,Steffane,Hollingsworth,Steffane.Hollingsworth@yopmail.com
1085,Kirbee,LaRue,Kirbee.LaRue@yopmail.com
1086,Leona,Cecile,Leona.Cecile@yopmail.com
1087,Basia,Rustice,Basia.Rustice@yopmail.com
1088,Kate,Fontana,Kate.Fontana@yopmail.com
1089,Feliza,Richers,Feliza.Richers@yopmail.com
1090,Valli,Desai,Valli.Desai@yopmail.com
1091,Dale,Rubie,Dale.Rubie@yopmail.com
1092,Valera,Munn,Valera.Munn@yopmail.com
1093,Babita,Blase,Babita.Blase@yopmail.com
1094,Gui,Goddard,Gui.Goddard@yopmail.com
1095,Jasmina,Bebe,Jasmina.Bebe@yopmail.com
1096,Audrie,Juliet,Audrie.Juliet@yopmail.com
1097,Marnia,Roarke,Marnia.Roarke@yopmail.com
1098,Hyacinthe,Vivle,Hyacinthe.Vivle@yopmail.com
1099,Keelia,Madelene,Keelia.Madelene@yopmail.com